{
    "token_acc": null,
    "token_p": null,
    "token_r": null,
    "token_f": null,
    "ents_p": 0.664534656050124,
    "ents_r": 0.7266628604053669,
    "ents_f": 0.6942114951932911,
    "ents_per_type": {
        "DS": {
            "p": 0.6378209305356445,
            "r": 0.6978468558391558,
            "f": 0.6664850878387579
        },
        "DE": {
            "p": 0.6913322002876193,
            "r": 0.7555365052150307,
            "f": 0.7220098306936101
        }
    },
    "speed": 1589.236435835509
}
