{
    "token_acc": null,
    "token_p": null,
    "token_r": null,
    "token_f": null,
    "ents_p": 0.6710639708319522,
    "ents_r": 0.7224521838424208,
    "ents_f": 0.6958105646630236,
    "ents_per_type": {
        "DS": {
            "p": 0.64591387814958,
            "r": 0.6908598317410524,
            "f": 0.6676312525837121
        },
        "DE": {
            "p": 0.6959388185654009,
            "r": 0.754107729675668,
            "f": 0.7238565452924638
        }
    },
    "speed": 1584.116258275316
}
