{
    "token_acc": null,
    "token_p": null,
    "token_r": null,
    "token_f": null,
    "ents_p": 0.664534238527319,
    "ents_r": 0.7265201256066229,
    "ents_f": 0.6941461252599639,
    "ents_per_type": {
        "DS": {
            "p": 0.6378209305356445,
            "r": 0.6978468558391558,
            "f": 0.6664850878387579
        },
        "DE": {
            "p": 0.6913418781061993,
            "r": 0.7552507501071581,
            "f": 0.7218846022533287
        }
    },
    "speed": 1556.500551506954
}
