{
    "token_acc": 1.0,
    "token_p": 0.9773659229601885,
    "token_r": 0.9885548875528836,
    "token_f": 0.9829285644702777,
    "ents_p": 0.6710648455112054,
    "ents_r": 0.7223094490436769,
    "ents_f": 0.6957448271121193,
    "ents_per_type": {
        "DS": {
            "p": 0.64591387814958,
            "r": 0.6908598317410524,
            "f": 0.6676312525837121
        },
        "DE": {
            "p": 0.6959504023215934,
            "r": 0.7538219745677954,
            "f": 0.7237311385459534
        }
    },
    "speed": 1570.9460602195804
}
