{
    "token_acc": 1.0,
    "token_p": 0.9773659229601885,
    "token_r": 0.9885548875528836,
    "token_f": 0.9829285644702777,
    "ents_p": 0.664534238527319,
    "ents_r": 0.7265201256066229,
    "ents_f": 0.6941461252599639,
    "ents_per_type": {
        "DS": {
            "p": 0.6378209305356445,
            "r": 0.6978468558391558,
            "f": 0.6664850878387579
        },
        "DE": {
            "p": 0.6913418781061993,
            "r": 0.7552507501071581,
            "f": 0.7218846022533287
        }
    },
    "speed": 1574.9439401179864
}
