{
    "token_acc": 1.0,
    "token_p": 0.318409303718141,
    "token_r": 0.318409303718141,
    "token_f": 0.318409303718141,
    "ents_p": 0.6694066953927743,
    "ents_r": 0.7206679988581216,
    "ents_f": 0.6940921744509744,
    "ents_per_type": {
        "DS": {
            "p": 0.6429809358752167,
            "r": 0.6877228005133323,
            "f": 0.6645996968444261
        },
        "DE": {
            "p": 0.6955432489451476,
            "r": 0.7536790970138592,
            "f": 0.7234451073167387
        }
    },
    "speed": 1588.1809758878032
}
