{
    "token_acc": null,
    "token_p": null,
    "token_r": null,
    "token_f": null,
    "ents_p": 0.6710648455112054,
    "ents_r": 0.7223094490436769,
    "ents_f": 0.6957448271121193,
    "ents_per_type": {
        "DS": {
            "p": 0.64591387814958,
            "r": 0.6908598317410524,
            "f": 0.6676312525837121
        },
        "DE": {
            "p": 0.6959504023215934,
            "r": 0.7538219745677954,
            "f": 0.7237311385459534
        }
    },
    "speed": 1552.6947797412797
}
