{
    "token_acc": 1.0,
    "token_p": 0.8869029972320147,
    "token_r": 0.8966756487262886,
    "token_f": 0.8917625496385297,
    "ents_p": 0.6629682809032763,
    "ents_r": 0.7249500428204396,
    "ents_f": 0.6925751687461649,
    "ents_per_type": {
        "DS": {
            "p": 0.6350840609930927,
            "r": 0.6948524169399686,
            "f": 0.6636252212991965
        },
        "DE": {
            "p": 0.6909399921558373,
            "r": 0.7551078725532219,
            "f": 0.721600218459858
        }
    },
    "speed": 1214.512990588541
}
