{
    "token_acc": 1.0,
    "token_p": 0.9773659229601885,
    "token_r": 0.9885548875528836,
    "token_f": 0.9829285644702777,
    "ents_p": 0.6614661531431556,
    "ents_r": 0.7231658578361404,
    "ents_f": 0.6909413248781153,
    "ents_per_type": {
        "DS": {
            "p": 0.6303922846344324,
            "r": 0.6897190931127906,
            "f": 0.6587225929456625
        },
        "DE": {
            "p": 0.6926497515040544,
            "r": 0.756679525646521,
            "f": 0.7232502560600887
        }
    },
    "speed": 1579.5660950057368
}
