{
    "token_acc": null,
    "token_p": null,
    "token_r": null,
    "token_f": null,
    "ents_p": 0.6679482930062977,
    "ents_r": 0.7190979160719383,
    "ents_f": 0.692579991064371,
    "ents_per_type": {
        "DS": {
            "p": 0.6383148913478203,
            "r": 0.682732069014687,
            "f": 0.659776767259198
        },
        "DE": {
            "p": 0.6972573839662447,
            "r": 0.7555365052150307,
            "f": 0.7252280052115476
        }
    },
    "speed": 1570.5737439931945
}
