{
    "token_acc": 1.0,
    "token_p": 0.8869029972320147,
    "token_r": 0.8966756487262886,
    "token_f": 0.8917625496385297,
    "ents_p": 0.6662910175671196,
    "ents_r": 0.7173137310876392,
    "ents_f": 0.6908616008523216,
    "ents_per_type": {
        "DS": {
            "p": 0.6353819490734569,
            "r": 0.6795950377869671,
            "f": 0.6567452115199118
        },
        "DE": {
            "p": 0.6968618143459916,
            "r": 0.7551078725532219,
            "f": 0.7248165672358224
        }
    },
    "speed": 1214.1072962395183
}
