{
    "token_acc": 1.0,
    "token_p": 0.9773659229601885,
    "token_r": 0.9885548875528836,
    "token_f": 0.9829285644702777,
    "ents_p": 0.6679485479379392,
    "ents_r": 0.7189551812731944,
    "ents_f": 0.6925139203959579,
    "ents_per_type": {
        "DS": {
            "p": 0.6383148913478203,
            "r": 0.682732069014687,
            "f": 0.659776767259198
        },
        "DE": {
            "p": 0.6972694895132568,
            "r": 0.7552507501071581,
            "f": 0.7251028806584362
        }
    },
    "speed": 1577.788782298176
}
