{
    "token_acc": null,
    "token_p": null,
    "token_r": null,
    "token_f": null,
    "ents_p": 0.6614671713875473,
    "ents_r": 0.7233085926348843,
    "ents_f": 0.6910070225676689,
    "ents_per_type": {
        "DS": {
            "p": 0.6303922846344324,
            "r": 0.6897190931127906,
            "f": 0.6587225929456625
        },
        "DE": {
            "p": 0.6926395607268924,
            "r": 0.7569652807543935,
            "f": 0.723375204806117
        }
    },
    "speed": 1600.4190590130222
}
