{
    "token_acc": 1.0,
    "token_p": 0.318409303718141,
    "token_r": 0.318409303718141,
    "token_f": 0.318409303718141,
    "ents_p": 0.6599007962406996,
    "ents_r": 0.7215957750499572,
    "ents_f": 0.6893706961205427,
    "ents_per_type": {
        "DS": {
            "p": 0.6276554150918806,
            "r": 0.6867246542136033,
            "f": 0.6558627264061011
        },
        "DE": {
            "p": 0.6922473525951105,
            "r": 0.7565366480925847,
            "f": 0.722965592572365
        }
    },
    "speed": 1586.4642711656754
}
