{
    "token_acc": 1.0,
    "token_p": 0.9773659229601885,
    "token_r": 0.9885548875528836,
    "token_f": 0.9829285644702777,
    "ents_p": 0.6935346660995321,
    "ents_r": 0.698187268055952,
    "ents_f": 0.6958531901273205,
    "ents_per_type": {
        "DS": {
            "p": 0.6787190082644629,
            "r": 0.655782118922002,
            "f": 0.6670534484008993
        },
        "DE": {
            "p": 0.7072305593451569,
            "r": 0.7406772396056579,
            "f": 0.7235675902016889
        }
    },
    "speed": 1585.9163338494209
}
