{
    "token_acc": 1.0,
    "token_p": 0.318409303718141,
    "token_r": 0.318409303718141,
    "token_f": 0.318409303718141,
    "ents_p": 0.6920459378987665,
    "ents_r": 0.6966885526691408,
    "ents_f": 0.6943594850273846,
    "ents_per_type": {
        "DS": {
            "p": 0.6760625737898465,
            "r": 0.653215457008413,
            "f": 0.6644426716948293
        },
        "DE": {
            "p": 0.7068212824010914,
            "r": 0.7402486069438491,
            "f": 0.7231488589573593
        }
    },
    "speed": 1577.8374148055505
}
