{
    "token_acc": null,
    "token_p": null,
    "token_r": null,
    "token_f": null,
    "ents_p": 0.6890407099591491,
    "ents_r": 0.698187268055952,
    "ents_f": 0.6935838355193193,
    "ents_per_type": {
        "DS": {
            "p": 0.670701472947353,
            "r": 0.655782118922002,
            "f": 0.6631578947368422
        },
        "DE": {
            "p": 0.7061708214139762,
            "r": 0.7406772396056579,
            "f": 0.7230125523012553
        }
    },
    "speed": 1590.8843060150966
}
