{
    "token_acc": 1.0,
    "token_p": 0.318409303718141,
    "token_r": 0.318409303718141,
    "token_f": 0.318409303718141,
    "ents_p": 0.6829835188054656,
    "ents_r": 0.6920496717099629,
    "ents_f": 0.6874867068415456,
    "ents_per_type": {
        "DS": {
            "p": 0.6599095814496135,
            "r": 0.6452302866105804,
            "f": 0.6524873828406632
        },
        "DE": {
            "p": 0.7045361667347773,
            "r": 0.7389627089584226,
            "f": 0.7213389121338912
        }
    },
    "speed": 1576.292074499121
}
